<?xml version="1.0"?>
<doc>
    <assembly>
        <name>JSPool</name>
    </assembly>
    <members>
        <member name="T:JSPool.Exceptions.JsPoolExhaustedException">
            <summary>
            Thrown when no engines are available in the pool.
            </summary>
        </member>
        <member name="M:JSPool.Exceptions.JsPoolExhaustedException.#ctor">
            <summary>
            Initializes a new instance of the <see cref="T:JSPool.Exceptions.JsPoolExhaustedException"/> class.
            </summary>
        </member>
        <member name="M:JSPool.Exceptions.JsPoolExhaustedException.#ctor(System.String)">
            <summary>
            Initializes a new instance of the <see cref="T:JSPool.Exceptions.JsPoolExhaustedException"/> class.
            </summary>
            <param name="message">The message that describes the error.</param>
        </member>
        <member name="M:JSPool.Exceptions.JsPoolExhaustedException.#ctor(System.String,System.Exception)">
            <summary>
            Initializes a new instance of the <see cref="T:JSPool.Exceptions.JsPoolExhaustedException"/> class.
            </summary>
            <param name="message">The error message that explains the reason for the exception.</param>
            <param name="innerException">The exception that is the cause of the current exception, or a null reference (Nothing in Visual Basic) if no inner exception is specified.</param>
        </member>
        <member name="T:JSPool.FileWatcher">
            <summary>
            Handles watching for changes to files.
            </summary>
        </member>
        <member name="F:JSPool.FileWatcher.DEFAULT_DEBOUNCE_TIMEOUT">
            <summary>
            Default value for <see cref="P:JSPool.FileWatcher.DebounceTimeout"/>.
            </summary>
        </member>
        <member name="F:JSPool.FileWatcher._watcher">
            <summary>
            FileSystemWatcher that handles actually watching the path.
            </summary>
        </member>
        <member name="F:JSPool.FileWatcher._watchedFiles">
            <summary>
            Files to watch within the watched path.
            </summary>
        </member>
        <member name="F:JSPool.FileWatcher._timer">
            <summary>
            Timer for debouncing changes.
            </summary>
        </member>
        <member name="E:JSPool.FileWatcher.Changed">
            <summary>
            Occurs when any watched files have changed (including renames and deletions).
            </summary>
        </member>
        <member name="P:JSPool.FileWatcher.DebounceTimeout">
            <summary>
            Gets or sets the time period to debounce file system changed events, in milliseconds.
            This is useful to handle when multiple file change events happen in a short period of
            time. JsPool will not reload/recycle the engines until this period elapses.
            </summary>
        </member>
        <member name="P:JSPool.FileWatcher.Path">
            <summary>
            Gets or sets the path to watch.
            </summary>
        </member>
        <member name="P:JSPool.FileWatcher.Files">
            <summary>
            Gets or sets the files to watch in the path. If no files are provided, every file in the 
            path is watched.
            </summary>
        </member>
        <member name="M:JSPool.FileWatcher.Start">
            <summary>
            Starts watching for changes in the specified path.
            </summary>
            <returns>Whether creation of the watcher was successful</returns>
        </member>
        <member name="M:JSPool.FileWatcher.Stop">
            <summary>
            Stops watching for changes in the specified path.
            </summary>
        </member>
        <member name="M:JSPool.FileWatcher.OnFileChanged(System.Object,System.IO.FileSystemEventArgs)">
            <summary>
            Handles events fired when any files are changed.
            </summary>
            <param name="sender">The sender</param>
            <param name="args">The <see cref="T:System.IO.FileSystemEventArgs"/> instance containing the event data</param>
        </member>
        <member name="M:JSPool.FileWatcher.OnTimer(System.Object)">
            <summary>
            Handles events fired when any files are changed, and the changes have been debounced.
            </summary>
            <param name="state">The state.</param>
        </member>
        <member name="M:JSPool.FileWatcher.Dispose">
            <summary>
            Performs application-defined tasks associated with freeing, releasing, or resetting unmanaged resources.
            </summary>
        </member>
        <member name="T:JSPool.IFileWatcher">
            <summary>
            Handles watching for changes to files.
            </summary>
        </member>
        <member name="E:JSPool.IFileWatcher.Changed">
            <summary>
            Occurs when any watched files have changed (including renames and deletions).
            </summary>
        </member>
        <member name="P:JSPool.IFileWatcher.Path">
            <summary>
            Gets or sets the path to watch.
            </summary>
        </member>
        <member name="P:JSPool.IFileWatcher.Files">
            <summary>
            Gets or sets the files to watch in the path. If no files are provided, every file in the 
            path is watched.
            </summary>
        </member>
        <member name="M:JSPool.IFileWatcher.Start">
            <summary>
            Starts watching for changes in the specified path.
            </summary>
            <returns>Whether creation of the watcher was successful</returns>
        </member>
        <member name="M:JSPool.IFileWatcher.Stop">
            <summary>
            Stops watching for changes in the specified path.
            </summary>
        </member>
        <member name="T:JSPool.IJsPool">
            <summary>
            Handles acquiring JavaScript engines from a shared pool. This class is thread safe.
            </summary>
        </member>
        <member name="T:JSPool.IJsPool`1">
            <summary>
            Handles acquiring JavaScript engines from a shared pool. This class is thread safe.
            </summary>
        </member>
        <member name="M:JSPool.IJsPool`1.GetEngine(System.Nullable{System.TimeSpan})">
            <summary>
            Gets an engine from the pool. This engine should be disposed when you are finished with it -
            disposing the engine returns it to the pool.
            If an engine is free, this method returns immediately with the engine.
            If no engines are available but we have not reached <see cref="P:JSPool.JsPoolConfig`1.MaxEngines"/>
            yet, creates a new engine. If MaxEngines has been reached, blocks until an engine is
            avaiable again.
            </summary>
            <param name="timeout">
            Maximum time to wait for a free engine. If not specified, defaults to the timeout 
            specified in the configuration.
            </param>
            <returns>A JavaScript engine</returns>
            <exception cref="T:JSPool.Exceptions.JsPoolExhaustedException">
            Thrown if no engines are available in the pool within the provided timeout period.
            </exception>
        </member>
        <member name="M:JSPool.IJsPool`1.ReturnEngineToPool(`0)">
            <summary>
            Returns an engine to the pool so it can be reused
            </summary>
            <param name="engine">Engine to return</param>
        </member>
        <member name="P:JSPool.IJsPool`1.EngineCount">
            <summary>
            Gets the total number of engines in this engine pool, including engines that are
            currently busy.
            </summary>
        </member>
        <member name="P:JSPool.IJsPool`1.AvailableEngineCount">
            <summary>
            Gets the number of currently available engines in this engine pool.
            </summary>
        </member>
        <member name="M:JSPool.IJsPool`1.DisposeEngine(`0,System.Boolean)">
            <summary>
            Disposes the specified engine
            </summary>
            <param name="engine">Engine to dispose</param>
            <param name="repopulateEngines">
            If <c>true</c>, a new engine will be created to replace the disposed engine
            </param>
        </member>
        <member name="M:JSPool.IJsPool`1.Recycle">
            <summary>
            Disposes all engines in this pool, and creates new engines in their place.
            </summary>
        </member>
        <member name="T:JSPool.JsPool">
            <summary>
            Handles acquiring JavaScript engines from a shared pool. This class is thread-safe.
            </summary>
        </member>
        <member name="M:JSPool.JsPool.#ctor(JSPool.JsPoolConfig)">
            <summary>
            Creates a new JavaScript engine pool
            </summary>
            <param name="config">
            The configuration to use. If not provided, a default configuration will be used.
            </param>
        </member>
        <member name="M:JSPool.JsPool.CollectGarbage(JavaScriptEngineSwitcher.Core.IJsEngine)">
            <summary>
            Runs garbage collection for the specified engine
            </summary>
            <param name="engine"></param>
        </member>
        <member name="T:JSPool.JsPoolConfig">
            <summary>
            Contains the configuration information for JSPool
            </summary>
        </member>
        <member name="M:JSPool.JsPoolConfig.#ctor">
            <summary>
            Creates a new JavaScript pool configuration. Default values will be set automatically.
            </summary>
        </member>
        <member name="T:JSPool.JsPool`2">
            <summary>
            Handles acquiring JavaScript engines from a shared pool. This class is thread-safe.
            </summary>
            <typeparam name="TOriginal">Type of class contained within the pool</typeparam>
            /// <typeparam name="TPooled">Type of <see cref="T:JSPool.PooledObject`1"/> that wraps the <typeparamref name="TOriginal"/></typeparam>
        </member>
        <member name="F:JSPool.JsPool`2._config">
            <summary>
            Configuration for this engine pool.
            </summary>
        </member>
        <member name="F:JSPool.JsPool`2._availableEngines">
            <summary>
            Engines that are currently available for use.
            </summary>
        </member>
        <member name="F:JSPool.JsPool`2._registeredEngines">
            <summary>
            Registered engines (ment to be used as a concurrent hash set).
            Engines which are not in the set will get disposed when returned to the pool. 
            </summary>
        </member>
        <member name="F:JSPool.JsPool`2._engineFactory">
            <summary>
            Factory method used to create engines.
            </summary>
        </member>
        <member name="F:JSPool.JsPool`2._fileWatcher">
            <summary>
            Handles watching for changes to files, to recycle the engines if any related files change.
            </summary>
        </member>
        <member name="F:JSPool.JsPool`2._cancellationTokenSource">
            <summary>
            Used to cancel threads when disposing the class.
            </summary>
        </member>
        <member name="F:JSPool.JsPool`2._engineCreationLock">
            <summary>
            Lock object used when creating a new engine
            </summary>
        </member>
        <member name="E:JSPool.JsPool`2.Recycled">
            <summary>
            Occurs when any watched files have changed (including renames and deletions).
            </summary>
        </member>
        <member name="M:JSPool.JsPool`2.#ctor(JSPool.JsPoolConfig{`1})">
            <summary>
            Creates a new JavaScript engine pool
            </summary>
            <param name="config">
            The configuration to use. If not provided, a default configuration will be used.
            </param>
        </member>
        <member name="M:JSPool.JsPool`2.CreateEngineFactory">
            <summary>
            Gets a factory method used to create engines.
            </summary>
        </member>
        <member name="M:JSPool.JsPool`2.InitializeWatcher">
            <summary>
            Initializes a <see cref="T:JSPool.FileWatcher"/> if enabled in the configuration.
            </summary>
        </member>
        <member name="M:JSPool.JsPool`2.PopulateEngines">
            <summary>
            Ensures that at least <see cref="P:JSPool.JsPoolConfig`1.StartEngines"/> engines have been created.
            </summary>
        </member>
        <member name="M:JSPool.JsPool`2.CreateEngine">
            <summary>
            Creates a new JavaScript engine and adds it to the list of all available engines.
            </summary>
        </member>
        <member name="M:JSPool.JsPool`2.GetEngine(System.Nullable{System.TimeSpan})">
            <summary>
            Gets an engine from the pool. This engine should be disposed when you are finished with it -
            disposing the engine returns it to the pool.
            If an engine is free, this method returns immediately with the engine.
            If no engines are available but we have not reached <see cref="P:JSPool.JsPoolConfig`1.MaxEngines"/>
            yet, creates a new engine. If MaxEngines has been reached, blocks until an engine is
            avaiable again.
            </summary>
            <param name="timeout">
            Maximum time to wait for a free engine. If not specified, defaults to the timeout 
            specified in the configuration.
            </param>
            <returns>A JavaScript engine</returns>
            <exception cref="T:JSPool.Exceptions.JsPoolExhaustedException">
            Thrown if no engines are available in the pool within the provided timeout period.
            </exception>
        </member>
        <member name="M:JSPool.JsPool`2.TakeEngine(`0)">
            <summary>
            Increases the engine's usage count
            </summary>
            <param name="engine"></param>
        </member>
        <member name="M:JSPool.JsPool`2.ReturnEngineToPool(`0)">
            <summary>
            Returns an engine to the pool so it can be reused
            </summary>
            <param name="engine">Engine to return</param>
        </member>
        <member name="M:JSPool.JsPool`2.ReturnEngineToPoolInternal(`0)">
            <summary>
            Returns an engine to the pool so it can be reused
            </summary>
            <param name="engine">Engine to return</param>
        </member>
        <member name="M:JSPool.JsPool`2.DisposeEngine(`0,System.Boolean)">
            <summary>
            Disposes the specified engine.
            </summary>
            <param name="engine">Engine to dispose</param>
            <param name="repopulateEngines">
            If <c>true</c>, a new engine will be created to replace the disposed engine
            </param>
        </member>
        <member name="M:JSPool.JsPool`2.DisposeAllEngines">
            <summary>
            Disposes all engines in this pool. Note that this will only dispose the engines that 
            are *currently* available. Engines that are in use will be disposed when the user
            attempts to return them.
            </summary>
        </member>
        <member name="M:JSPool.JsPool`2.Recycle">
            <summary>
            Disposes all engines in this pool, and creates new engines in their place.
            </summary>
        </member>
        <member name="M:JSPool.JsPool`2.Dispose">
            <summary>
            Disposes all the JavaScript engines in this pool.
            </summary>
        </member>
        <member name="M:JSPool.JsPool`2.CollectGarbage(`1)">
            <summary>
            Runs garbage collection for the specified engine
            </summary>
            <param name="engine"></param>
        </member>
        <member name="P:JSPool.JsPool`2.EngineCount">
            <summary>
            Gets the total number of engines in this engine pool, including engines that are
            currently busy.
            </summary>
        </member>
        <member name="P:JSPool.JsPool`2.AvailableEngineCount">
            <summary>
            Gets the number of currently available engines in this engine pool.
            </summary>
        </member>
        <member name="P:JSPool.JsPool`2.DebuggerDisplay">
            <summary>
            Gets a string for displaying this engine pool in the Visual Studio debugger.
            </summary>
        </member>
        <member name="T:JSPool.JsPoolConfig`1">
            <summary>
            Contains the configuration information for JSPool
            </summary>
        </member>
        <member name="P:JSPool.JsPoolConfig`1.StartEngines">
            <summary>
            Gets or sets the number of engines to initially start when a pool is created. 
            Defaults to <c>10</c>.
            </summary>
        </member>
        <member name="P:JSPool.JsPoolConfig`1.MaxEngines">
            <summary>
            Gets or sets the maximum number of engines that will be created in the pool. 
            Defaults to <c>25</c>.
            </summary>
        </member>
        <member name="P:JSPool.JsPoolConfig`1.GetEngineTimeout">
            <summary>
            Gets or sets the default timeout to use when acquiring an engine from the pool.
            If an engine can not be acquired in this timeframe, a 
            <see cref="T:JSPool.Exceptions.JsPoolExhaustedException"/> will be thrown.
            </summary>
        </member>
        <member name="P:JSPool.JsPoolConfig`1.Initializer">
            <summary>
            Gets or sets the code to run when a new engine is created. This should configure
            the environment and set up any required JavaScript libraries.
            </summary>
        </member>
        <member name="P:JSPool.JsPoolConfig`1.EngineFactory">
            <summary>
            Gets or sets the function method used to create engines. Defaults to the standard 
            JsEngineSwitcher factory method.
            </summary>
        </member>
        <member name="P:JSPool.JsPoolConfig`1.MaxUsagesPerEngine">
            <summary>
            Gets or sets the maximum number of times an engine can be reused before it is disposed.
            <c>0</c> is unlimited.
            </summary>
        </member>
        <member name="P:JSPool.JsPoolConfig`1.GarbageCollectionInterval">
            <summary>
            Gets or sets the number of times an engine can be reused before its garbage collector
            is ran. Only used if the engine supports garbage collection (V8).
            </summary>
        </member>
        <member name="P:JSPool.JsPoolConfig`1.WatchPath">
            <summary>
            Gets or sets the path to watch for file changes. If any files in this path change,
            all engines in the pool will be recycled
            </summary>
        </member>
        <member name="P:JSPool.JsPoolConfig`1.WatchFiles">
            <summary>
            Gets or sets the file paths to watch for file changes. Requires 
            <see cref="P:JSPool.JsPoolConfig`1.WatchPath" /> to be set too. If not set, all files in 
            <see cref="P:JSPool.JsPoolConfig`1.WatchPath" /> will be watched.
            </summary>
        </member>
        <member name="P:JSPool.JsPoolConfig`1.DebounceTimeout">
            <summary>
            Gets or sets the time period to debounce file system changed events, in milliseconds.
            This is useful to handle when multiple file change events happen in a short period of
            time. JsPool will not reload/recycle the engines until this period elapses.
            </summary>
        </member>
        <member name="M:JSPool.JsPoolConfig`1.#ctor">
            <summary>
            Creates a new JavaScript pool configuration. Default values will be set automatically.
            </summary>
        </member>
        <member name="T:JSPool.PooledJsEngine">
            <summary>
            An <see cref="T:JavaScriptEngineSwitcher.Core.IJsEngine"/> that has come from a pool of engines. When this engine is disposed,
            it will be returned to the pool.
            </summary>
        </member>
        <member name="P:JSPool.PooledJsEngine.Name">
            <summary>
            Gets the name of this JS engine
            </summary>
        </member>
        <member name="P:JSPool.PooledJsEngine.Version">
            <summary>
            Gets the version of this JS engine
            </summary>
        </member>
        <member name="P:JSPool.PooledJsEngine.SupportsScriptPrecompilation">
            <summary>
            Determines if this engine supports script pre-compilation
            </summary>
        </member>
        <member name="P:JSPool.PooledJsEngine.SupportsScriptInterruption">
            <summary>
            Determines if this engine supports script interruption
            </summary>
        </member>
        <member name="P:JSPool.PooledJsEngine.SupportsGarbageCollection">
            <summary>
            Determines if this engine supports garbage collection
            </summary>
        </member>
        <member name="M:JSPool.PooledJsEngine.Precompile(System.String)">
            <summary>
            Creates a pre-compiled script from JS code
            </summary>
            <param name="code">JS code</param>
            <returns>A pre-compiled script that can be executed by different instances of JS engine</returns>
        </member>
        <member name="M:JSPool.PooledJsEngine.Precompile(System.String,System.String)">
            <summary>
            Creates a pre-compiled script from JS code
            </summary>
            <param name="code">JS code</param>
            <param name="documentName">Document name</param>
            <returns>A pre-compiled script that can be executed by different instances of JS engine</returns>
        </member>
        <member name="M:JSPool.PooledJsEngine.PrecompileFile(System.String,System.Text.Encoding)">
            <summary>
            Creates a pre-compiled script from JS file
            </summary>
            <param name="path">Path to the JS file</param>
            <param name="encoding">Text encoding</param>
            <returns>A pre-compiled script that can be executed by different instances of JS engine</returns>
        </member>
        <member name="M:JSPool.PooledJsEngine.PrecompileResource(System.String,System.Type)">
            <summary>
            Creates a pre-compiled script from embedded JS resource
            </summary>
            <param name="resourceName">The case-sensitive resource name without the namespace of the specified type</param>
            <param name="type">The type, that determines the assembly and whose namespace is used to scope
            the resource name</param>
            <returns>A pre-compiled script that can be executed by different instances of JS engine</returns>
        </member>
        <member name="M:JSPool.PooledJsEngine.PrecompileResource(System.String,System.Reflection.Assembly)">
            <summary>
            Creates a pre-compiled script from embedded JS resource
            </summary>
            <param name="resourceName">The case-sensitive resource name</param>
            <param name="assembly">The assembly, which contains the embedded resource</param>
            <returns>A pre-compiled script that can be executed by different instances of JS engine</returns>
        </member>
        <member name="M:JSPool.PooledJsEngine.Evaluate(System.String)">
            <summary>
            Evaluates an expression
            </summary>
            <param name="expression">JS expression</param>
            <returns>Result of the expression</returns>
        </member>
        <member name="M:JSPool.PooledJsEngine.Evaluate(System.String,System.String)">
            <summary>
            Evaluates an expression
            </summary>
            <param name="expression">JS expression</param>
            <param name="documentName">Document name</param>
            <returns>Result of the expression</returns>
        </member>
        <member name="M:JSPool.PooledJsEngine.Evaluate``1(System.String)">
            <summary>
            Evaluates an expression
            </summary>
            <typeparam name="T">Type of result</typeparam>
            <param name="expression">JS expression</param>
            <returns>Result of the expression</returns>
        </member>
        <member name="M:JSPool.PooledJsEngine.Evaluate``1(System.String,System.String)">
            <summary>
            Evaluates an expression
            </summary>
            <typeparam name="T">Type of result</typeparam>
            <param name="expression">JS expression</param>
            <param name="documentName">Document name</param>
            <returns>Result of the expression</returns>
        </member>
        <member name="M:JSPool.PooledJsEngine.Execute(System.String)">
            <summary>
            Executes a code
            </summary>
            <param name="code">JS code</param>
        </member>
        <member name="M:JSPool.PooledJsEngine.Execute(System.String,System.String)">
            <summary>
            Executes a code
            </summary>
            <param name="code">JS code</param>
            <param name="documentName">Document name</param>
        </member>
        <member name="M:JSPool.PooledJsEngine.Execute(JavaScriptEngineSwitcher.Core.IPrecompiledScript)">
            <summary>
            Executes a pre-compiled script
            </summary>
            <param name="precompiledScript">A pre-compiled script that can be executed by different
            instances of JS engine</param>
        </member>
        <member name="M:JSPool.PooledJsEngine.ExecuteFile(System.String,System.Text.Encoding)">
            <summary>
            Executes a code from JS file
            </summary>
            <param name="path">Path to the JS file</param>
            <param name="encoding">Text encoding</param>
        </member>
        <member name="M:JSPool.PooledJsEngine.ExecuteResource(System.String,System.Type)">
            <summary>
            Executes a code from embedded JS resource
            </summary>
            <param name="resourceName">The case-sensitive resource name without the namespace of the specified type</param>
            <param name="type">The type, that determines the assembly and whose namespace is used to scope
            the resource name</param>
        </member>
        <member name="M:JSPool.PooledJsEngine.ExecuteResource(System.String,System.Reflection.Assembly)">
            <summary>
            Executes a code from embedded JS resource
            </summary>
            <param name="resourceName">The case-sensitive resource name</param>
            <param name="assembly">The assembly, which contains the embedded resource</param>
        </member>
        <member name="M:JSPool.PooledJsEngine.CallFunction(System.String,System.Object[])">
            <summary>
            Calls a function
            </summary>
            <param name="functionName">Function name</param>
            <param name="args">Function arguments</param>
            <returns>Result of the function execution</returns>
        </member>
        <member name="M:JSPool.PooledJsEngine.CallFunction``1(System.String,System.Object[])">
            <summary>
            Calls a function
            </summary>
            <typeparam name="T">Type of function result</typeparam>
            <param name="functionName">Function name</param>
            <param name="args">Function arguments</param>
            <returns>Result of the function execution</returns>
        </member>
        <member name="M:JSPool.PooledJsEngine.HasVariable(System.String)">
            <summary>
            Сhecks for the existence of a variable
            </summary>
            <param name="variableName">Variable name</param>
            <returns>Result of check (true - exists; false - not exists</returns>
        </member>
        <member name="M:JSPool.PooledJsEngine.GetVariableValue(System.String)">
            <summary>
            Gets a value of variable
            </summary>
            <param name="variableName">Variable name</param>
            <returns>Value of variable</returns>
        </member>
        <member name="M:JSPool.PooledJsEngine.GetVariableValue``1(System.String)">
            <summary>
            Gets a value of variable
            </summary>
            <typeparam name="T">Type of variable</typeparam>
            <param name="variableName">Variable name</param>
            <returns>Value of variable</returns>
        </member>
        <member name="M:JSPool.PooledJsEngine.SetVariableValue(System.String,System.Object)">
            <summary>
            Sets a value of variable
            </summary>
            <param name="variableName">Variable name</param>
            <param name="value">Value of variable</param>
        </member>
        <member name="M:JSPool.PooledJsEngine.RemoveVariable(System.String)">
            <summary>
            Removes a variable
            </summary>
            <param name="variableName">Variable name</param>
        </member>
        <member name="M:JSPool.PooledJsEngine.EmbedHostObject(System.String,System.Object)">
            <summary>
            Embeds a .NET object in the JS engine
            </summary>
            <param name="itemName">Name of the item</param>
            <param name="value">Value of the item</param>
            <remarks>Allows to embed instances of simple classes (or structures) and delegates.</remarks>
        </member>
        <member name="M:JSPool.PooledJsEngine.EmbedHostType(System.String,System.Type)">
            <summary>
            Embeds a .NET type in the JS engine
            </summary>
            <param name="itemName">Name of the type</param>
            <param name="type">The type</param>
            <remarks>
            .NET types are exposed to script code in the form of objects whose properties and
            methods are bound to the type's static members.
            </remarks>
        </member>
        <member name="M:JSPool.PooledJsEngine.Interrupt">
            <summary>
            Interrupts script execution and causes the JS engine to throw an exception
            </summary>
        </member>
        <member name="M:JSPool.PooledJsEngine.CollectGarbage">
            <summary>
            Collects the garbage
            </summary>
        </member>
        <member name="T:JSPool.PooledObject`1">
            <summary>
            Wraps an object stored in a pool, overriding the behaviour of <see cref="M:JSPool.PooledObject`1.Dispose"/> so that
            it returns the engine to the pool rather than actually disposing the engine.
            </summary>
            <typeparam name="T"></typeparam>
        </member>
        <member name="P:JSPool.PooledObject`1.InnerEngine">
            <summary>
            Engine being wrapped by this pool
            </summary>
        </member>
        <member name="P:JSPool.PooledObject`1.ReturnEngineToPool">
            <summary>
            Callback for returning the engine to the pool
            </summary>
        </member>
        <member name="M:JSPool.PooledObject`1.IncreaseUsageCount">
            <summary>
            Increase engine usage count by one.
            </summary>
        </member>
        <member name="P:JSPool.PooledObject`1.UsageCount">
            <summary>
            Gets the number of times this engine has been used.
            </summary>
        </member>
        <member name="M:JSPool.PooledObject`1.Dispose">
            <summary>
            Returns this engine to the pool.
            </summary>
        </member>
    </members>
</doc>
